{"mem": 1.163278579711914, "ellipse_time": 298.9041802883148, "num_GS": 638327}