{"mem": 0.875093936920166, "ellipse_time": 183.15346360206604, "num_GS": 526457}