{"mem": 3.0397114753723145, "ellipse_time": 1352.7977328300476, "num_GS": 2016583}