{"mem": 1.9594011306762695, "ellipse_time": 108.89761090278625, "num_GS": 1293741}