{"mem": 3.0397114753723145, "ellipse_time": 775.4741880893707, "num_GS": 2016583}